{"cameraMode":{"drawMode":0,"name":"Shaded","section":"Shading Mode"},"sceneLighting":true,"audioPlay":false,"sceneViewState":{"showFog":true,"showMaterialUpdate":false,"showSkybox":true,"showFlares":true,"showImageEffects":true,"showParticleSystems":true},"in2DMode":false,"pivot":{"x":12.223197937011719,"y":7.125016212463379,"z":18.844314575195314},"rotation":{"x":-0.33478549122810366,"y":-0.32098111510276797,"z":0.12246944010257721,"w":-0.877437174320221},"size":6.9128828048706059,"orthographic":false}